title,country,image,content
US Election Results Announced,USA,https://images.unsplash.com/photo-1529107386315-e1a2ed48a620,The United States election results have been officially announced after a close contest between candidates.
New Robotics Technology in Japan,Japan,https://images.unsplash.com/photo-1505060894984-5f0c3c6d0c13,Japan has introduced a new generation of robotics designed to assist in healthcare and elderly care.
India Digital Payments Growth,India,https://images.unsplash.com/photo-1556740738-b6a63e27c4df,India's digital payment system continues to grow rapidly with record numbers of UPI transactions.
UK Energy Prices Expected to Drop,UK,https://images.unsplash.com/photo-1509395176047-4a66953fd231,Energy analysts predict that UK electricity prices may decrease as renewable production increases.
Australia Wildfire Recovery Efforts Begin,Australia,https://images.unsplash.com/photo-1500530855697-b586d89ba3ee,Australia has begun recovery operations after severe wildfires damaged several regions.
Canada Announces Climate Action Plan,Canada,https://images.unsplash.com/photo-1469474968028-56623f02e42e,Canada has introduced new climate policies aimed at reducing greenhouse gas emissions.
Germany Advances Renewable Energy,Germany,https://images.unsplash.com/photo-1497436072909-f5e4be0c1c4f,Germany is expanding its renewable energy capacity with new solar and wind installations.
France Tourism Sector Rebounds,France,https://images.unsplash.com/photo-1502602898657-3e91760cbb34,France reports strong tourism growth as international travel increases again.
China Expands High-Speed Rail Network,China,https://images.unsplash.com/photo-1500534314209-a25ddb2bd429,China has expanded its high-speed railway system connecting more cities across the country.
Brazil Launches New Environmental Initiative,Brazil,https://images.unsplash.com/photo-1501785888041-af3ef285b470,Brazil has announced a new initiative to protect the Amazon rainforest and biodiversity.
South Korea Technology Innovation,South Korea,https://images.unsplash.com/photo-1518770660439-4636190af475,South Korea continues to lead innovation in semiconductor and electronics technology.
South Africa Economic Growth Update,South Africa,https://images.unsplash.com/photo-1500534623283-312aade485b7,South Africa's economy shows signs of recovery following new investment programs.
Italy Cultural Heritage Restoration,Italy,https://images.unsplash.com/photo-1505761671935-60b3a7427bad,Italy has begun restoration projects on historic landmarks to preserve cultural heritage.
Spain Renewable Energy Expansion,Spain,https://images.unsplash.com/photo-1473445730015-841f29a9490b,Spain continues expanding solar and wind farms as part of its energy transition.
UAE Artificial Intelligence Strategy,UAE,https://images.unsplash.com/photo-1501594907352-04cda38ebc29,The UAE government has announced a national strategy to integrate artificial intelligence into public services.
Singapore Smart City Development,Singapore,https://images.unsplash.com/photo-1505761671935-60b3a7427bad,Singapore continues developing smart city technologies to improve urban life.
Russia Space Program Update,Russia,https://images.unsplash.com/photo-1446776811953-b23d57bd21aa,Russia has revealed plans for future space exploration missions and satellite launches.
Mexico Tourism Growth,Mexico,https://images.unsplash.com/photo-1500530855697-b586d89ba3ee,Mexico reports an increase in international tourism and economic activity.
Indonesia Infrastructure Development,Indonesia,https://images.unsplash.com/photo-1501785888041-af3ef285b470,Indonesia has begun new infrastructure projects to improve transportation networks.
Thailand Digital Economy Growth,Thailand,https://images.unsplash.com/photo-1518770660439-4636190af475,Thailand's digital economy continues to grow as technology startups expand.